{"recall": 0.9718660968660969, "accuracy": 0.9719626168224299, "f1": 0.9716882174429344, "precision": 0.9718406593406594}