{"f1": 0.97168821744293443, "recall": 0.97186609686609693, "precision": 0.97184065934065944, "accuracy": 0.9719626168224299}